<?xml version="1.0" encoding="UTF-8"?>
<feature
      id="ru.7kt.feature.app"
      label="App"
      version="1.0.0.201606070604">

   <description url="http://www.example.com/description">
      [Enter Feature Description here.]
   </description>

   <copyright url="http://www.example.com/copyright">
      [Enter Copyright Description here.]
   </copyright>

   <license url="http://www.example.com/license">
      [Enter License Description here.]
   </license>

   <requires>
      <import plugin="ru.7kt.core" version="1.0.0" match="greaterOrEqual"/>
      <import plugin="org.springframework.data.core" version="1.9.1" match="greaterOrEqual"/>
      <import plugin="org.springframework.orm" version="4.2.3" match="greaterOrEqual"/>
      <import plugin="org.springframework.context" version="4.2.3" match="greaterOrEqual"/>
      <import plugin="org.springframework.aop" version="4.2.3" match="greaterOrEqual"/>
      <import plugin="org.springframework.beans" version="4.2.3" match="greaterOrEqual"/>
      <import plugin="org.springframework.core" version="4.2.3" match="greaterOrEqual"/>
      <import plugin="org.aopalliance" version="1.0.0" match="greaterOrEqual"/>
      <import plugin="org.springframework.expression" version="4.2.3" match="greaterOrEqual"/>
      <import plugin="org.springframework.jdbc" version="4.2.3" match="greaterOrEqual"/>
      <import plugin="org.aspectj.runtime" version="1.8.7" match="greaterOrEqual"/>
      <import plugin="org.springframework.transaction" version="4.2.3" match="greaterOrEqual"/>
      <import plugin="org.slf4j.api" version="1.7.2" match="greaterOrEqual"/>
      <import plugin="org.h2" version="1.3.168" match="greaterOrEqual"/>
      <import plugin="org.eclipse.persistence.jpa" version="2.6.1" match="greaterOrEqual"/>
      <import plugin="org.springframework.data.jpa" version="1.7.1" match="greaterOrEqual"/>
      <import plugin="javax.persistence" version="2.1.0" match="greaterOrEqual"/>
      <import plugin="org.apache.commons.dbcp" version="1.4.0" match="greaterOrEqual"/>
      <import plugin="ch.qos.logback.classic" version="1.0.7" match="greaterOrEqual"/>
   </requires>

   <plugin
         id="ru.7kt.archivedata"
         download-size="3"
         install-size="3"
         version="1.0.0.201606070604"
         unpack="false"/>

   <plugin
         id="ru.7kt.core"
         download-size="37"
         install-size="73"
         version="1.0.0.201606070604"
         unpack="false"/>

   <plugin
         id="ru.7kt.database"
         download-size="43"
         install-size="91"
         version="1.0.0.201606070604"
         unpack="false"/>

   <plugin
         id="ru.7kt.log"
         download-size="2"
         install-size="2"
         version="1.0.0.201606070604"
         fragment="true"/>

</feature>
