<?xml version="1.0" encoding="UTF-8"?>
<config date="1465370559044" transient="false">
	<site updateable="true" url="platform:/base/" enabled="true" policy="USER-EXCLUDE">
		<feature id="org.eclipse.ecf.filetransfer.httpclient4.ssl.feature" version="1.1.0.v20151130-0157" url="features/org.eclipse.ecf.filetransfer.httpclient4.ssl.feature_1.1.0.v20151130-0157/">
		</feature>
		<feature id="org.eclipse.equinox.p2.core.feature" version="1.3.100.v20150527-1706" url="features/org.eclipse.equinox.p2.core.feature_1.3.100.v20150527-1706/">
		</feature>
		<feature id="org.eclipse.e4.rcp" version="1.4.1.v20160212-1350" url="features/org.eclipse.e4.rcp_1.4.1.v20160212-1350/">
		</feature>
		<feature id="org.eclipse.ecf.core.ssl.feature" version="1.1.0.v20151130-0157" url="features/org.eclipse.ecf.core.ssl.feature_1.1.0.v20151130-0157/">
		</feature>
		<feature id="org.eclipse.ecf.core.feature" version="1.2.0.v20151130-0157" url="features/org.eclipse.ecf.core.feature_1.2.0.v20151130-0157/">
		</feature>
		<feature id="org.eclipse.equinox.p2.extras.feature" version="1.2.101.v20160129-0947" url="features/org.eclipse.equinox.p2.extras.feature_1.2.101.v20160129-0947/">
		</feature>
		<feature id="org.eclipse.emf.common" version="2.11.1.v20160208-0816" url="features/org.eclipse.emf.common_2.11.1.v20160208-0816/">
		</feature>
		<feature id="org.eclipse.ecf.filetransfer.httpclient4.feature" version="3.12.0.v20151130-0157" url="features/org.eclipse.ecf.filetransfer.httpclient4.feature_3.12.0.v20151130-0157/">
		</feature>
		<feature id="org.eclipse.ecf.filetransfer.ssl.feature" version="1.1.0.v20151130-0157" url="features/org.eclipse.ecf.filetransfer.ssl.feature_1.1.0.v20151130-0157/">
		</feature>
		<feature id="org.eclipse.ecf.filetransfer.feature" version="3.12.0.v20151130-0157" url="features/org.eclipse.ecf.filetransfer.feature_3.12.0.v20151130-0157/">
		</feature>
		<feature id="ru.7kt.gemini.blueprint" version="1.0.0.201606080718" url="features/ru.7kt.gemini.blueprint_1.0.0.201606080718/">
		</feature>
		<feature id="ru.7kt.feature.app" version="1.0.0.201606080718" url="features/ru.7kt.feature.app_1.0.0.201606080718/">
		</feature>
		<feature id="org.eclipse.emf.ecore" version="2.11.2.v20160208-0816" url="features/org.eclipse.emf.ecore_2.11.2.v20160208-0816/">
		</feature>
	</site>
</config>
